filename,label
img_1963.png,cat
img_687.png,dog
img_1603.png,cat
img_421.png,cat
img_1345.png,cat
img_837.png,bird
img_834.png,dog
img_2384.png,bird
img_782.png,bird
img_1835.png,cat
img_2703.png,cat
img_2814.png,cat
img_2409.png,dog
img_1529.png,bird
img_2688.png,cat
img_1157.png,dog
img_1896.png,bird
img_2956.png,cat
img_264.png,dog
img_1561.png,dog
img_408.png,dog
img_2722.png,cat
img_367.png,dog
img_456.png,cat
img_2837.png,cat
img_1354.png,cat
img_1971.png,cat
img_1005.png,dog
img_1338.png,dog
img_2491.png,dog
img_1938.png,dog
img_1365.png,dog
img_1654.png,bird
img_2896.png,dog
img_1650.png,bird
img_677.png,dog
img_1827.png,bird
img_2298.png,bird
img_1452.png,bird
img_1762.png,bird
img_1703.png,cat
img_2321.png,bird
img_144.png,dog
img_960.png,cat
img_2696.png,bird
img_1016.png,bird
img_40.png,dog
img_988.png,bird
img_1091.png,dog
img_2273.png,dog
img_1012.png,bird
img_606.png,cat
img_1353.png,cat
img_2858.png,dog
img_829.png,bird
img_242.png,cat
img_1525.png,cat
img_2518.png,dog
img_1460.png,dog
img_2274.png,dog
img_1400.png,dog
img_1093.png,bird
img_1120.png,bird
img_2661.png,cat
img_1935.png,bird
img_1063.png,bird
img_845.png,cat
img_2540.png,bird
img_95.png,bird
img_2212.png,bird
img_2176.png,dog
img_633.png,bird
img_2380.png,cat
img_786.png,bird
img_1513.png,cat
img_1173.png,cat
img_1516.png,dog
img_1584.png,bird
img_2288.png,cat
img_2144.png,bird
img_660.png,bird
img_2214.png,cat
img_1849.png,cat
img_160.png,dog
img_2610.png,cat
img_2074.png,dog
img_16.png,bird
img_450.png,dog
img_2571.png,bird
img_2924.png,dog
img_2497.png,dog
img_462.png,cat
img_2264.png,bird
img_616.png,cat
img_509.png,bird
img_1872.png,bird
img_1425.png,cat
img_2116.png,dog
img_166.png,cat
img_2259.png,cat
img_2756.png,dog
img_461.png,dog
img_1926.png,bird
img_2189.png,dog
img_2985.png,dog
img_2628.png,dog
img_2069.png,bird
img_485.png,dog
img_2701.png,dog
img_808.png,bird
img_1582.png,cat
img_995.png,bird
img_1211.png,dog
img_198.png,dog
img_1362.png,bird
img_2343.png,cat
img_401.png,dog
img_641.png,dog
img_1056.png,cat
img_2601.png,dog
img_1267.png,dog
img_2267.png,bird
img_1434.png,dog
img_2021.png,bird
img_1480.png,cat
img_1335.png,cat
img_2174.png,cat
img_38.png,bird
img_1772.png,bird
img_1147.png,dog
img_1497.png,dog
img_1232.png,bird
img_686.png,cat
img_2022.png,bird
img_2102.png,bird
img_2475.png,bird
img_1325.png,dog
img_823.png,bird
img_1115.png,bird
img_1713.png,dog
img_747.png,cat
img_746.png,cat
img_465.png,bird
img_2853.png,bird
img_1870.png,bird
img_89.png,bird
img_2012.png,bird
img_2059.png,dog
img_259.png,bird
img_2004.png,dog
img_2038.png,dog
img_1775.png,bird
img_2627.png,cat
img_2874.png,dog
img_1168.png,dog
img_2839.png,cat
img_2677.png,bird
img_814.png,cat
img_972.png,bird
img_2813.png,dog
img_2709.png,dog
img_2988.png,cat
img_27.png,cat
img_230.png,bird
img_2614.png,cat
img_2200.png,dog
img_2421.png,bird
img_2740.png,cat
img_406.png,bird
img_2140.png,bird
img_2959.png,dog
img_927.png,bird
img_2775.png,bird
img_2969.png,cat
img_18.png,bird
img_1817.png,dog
img_1276.png,dog
img_1606.png,cat
img_2392.png,bird
img_648.png,bird
img_752.png,cat
img_2925.png,bird
img_1756.png,bird
img_2971.png,bird
img_1854.png,dog
img_2398.png,bird
img_54.png,bird
img_2034.png,bird
img_1509.png,cat
img_2342.png,dog
img_75.png,dog
img_2340.png,dog
img_123.png,bird
img_71.png,dog
img_2364.png,bird
img_248.png,bird
img_2402.png,cat
img_31.png,dog
img_1792.png,dog
img_1133.png,bird
img_619.png,cat
img_2180.png,bird
img_2894.png,bird
img_2880.png,cat
img_1576.png,dog
img_2953.png,cat
img_2152.png,dog
img_1088.png,bird
img_322.png,cat
img_2193.png,dog
img_1246.png,cat
img_842.png,cat
img_652.png,cat
img_1808.png,dog
img_20.png,cat
img_1204.png,bird
img_1119.png,bird
img_1764.png,dog
img_2108.png,cat
img_1287.png,dog
img_2095.png,cat
img_1642.png,bird
img_1855.png,dog
img_703.png,bird
img_678.png,bird
img_1515.png,dog
img_1917.png,dog
img_1456.png,dog
img_1725.png,bird
img_1884.png,cat
img_1305.png,dog
img_926.png,dog
img_671.png,cat
img_1638.png,dog
img_2470.png,cat
img_268.png,bird
img_676.png,dog
img_2590.png,dog
img_2118.png,dog
img_827.png,cat
img_127.png,bird
img_478.png,dog
img_877.png,bird
img_506.png,dog
img_2093.png,bird
img_2.png,bird
img_1587.png,cat
img_2121.png,bird
img_1239.png,cat
img_1536.png,cat
img_2905.png,dog
img_2838.png,cat
img_1634.png,dog
img_966.png,dog
img_2136.png,cat
img_1328.png,cat
img_2002.png,cat
img_128.png,bird
img_654.png,bird
img_1196.png,bird
img_1972.png,dog
img_1240.png,bird
img_73.png,cat
img_2379.png,cat
img_2480.png,cat
img_1982.png,cat
img_2741.png,cat
img_2314.png,cat
img_37.png,cat
img_932.png,bird
img_47.png,dog
img_2764.png,cat
img_1162.png,cat
img_2700.png,cat
img_1386.png,dog
img_1490.png,dog
img_1723.png,bird
img_2061.png,dog
img_2042.png,cat
img_2970.png,cat
img_340.png,bird
img_470.png,cat
img_300.png,bird
img_2299.png,cat
img_1812.png,cat
img_2887.png,cat
img_787.png,bird
img_1020.png,cat
img_2479.png,bird
img_2005.png,dog
img_1592.png,cat
img_1495.png,bird
img_393.png,bird
img_2803.png,cat
img_1669.png,cat
img_407.png,cat
img_2776.png,bird
img_1477.png,bird
img_356.png,bird
img_1840.png,dog
img_2876.png,bird
img_381.png,bird
img_668.png,cat
img_92.png,dog
img_1457.png,dog
img_307.png,cat
img_1272.png,dog
img_1986.png,bird
img_143.png,cat
img_789.png,bird
img_806.png,dog
img_2279.png,cat
img_325.png,cat
img_1793.png,dog
img_2800.png,dog
img_1225.png,bird
img_345.png,dog
img_578.png,cat
img_896.png,dog
img_860.png,bird
img_364.png,dog
img_2980.png,cat
img_1391.png,dog
img_2900.png,cat
img_1684.png,cat
img_249.png,cat
img_1.png,dog
img_2706.png,bird
img_1398.png,bird
img_613.png,bird
img_311.png,cat
img_1264.png,bird
img_183.png,cat
img_2318.png,bird
img_2190.png,bird
img_1640.png,cat
img_2891.png,cat
img_833.png,dog
img_680.png,cat
img_1163.png,cat
img_1927.png,dog
img_2825.png,bird
img_448.png,dog
img_1907.png,dog
img_32.png,dog
img_1266.png,bird
img_1417.png,dog
img_2869.png,cat
img_2570.png,cat
img_2682.png,cat
img_773.png,bird
img_39.png,cat
img_458.png,cat
img_1465.png,bird
img_87.png,cat
img_1726.png,cat
img_1578.png,cat
img_473.png,cat
img_2599.png,dog
img_400.png,bird
img_725.png,bird
img_2376.png,bird
img_2271.png,dog
img_2443.png,cat
img_998.png,dog
img_2131.png,bird
img_2655.png,dog
img_2521.png,dog
img_1347.png,bird
img_2532.png,bird
img_1105.png,cat
img_222.png,dog
img_1029.png,cat
img_851.png,cat
img_1778.png,cat
img_2072.png,cat
img_1165.png,dog
img_2394.png,bird
img_496.png,cat
img_736.png,bird
img_594.png,bird
img_1545.png,dog
img_2317.png,bird
img_2433.png,bird
img_1468.png,dog
img_978.png,bird
img_1367.png,dog
img_1944.png,cat
img_1339.png,bird
img_1786.png,bird
img_2784.png,cat
img_207.png,cat
img_206.png,cat
img_418.png,bird
img_1410.png,cat
img_2185.png,bird
img_265.png,dog
img_2389.png,bird
img_2405.png,cat
img_2878.png,bird
img_769.png,cat
img_2067.png,dog
img_585.png,dog
img_938.png,dog
img_236.png,cat
img_237.png,bird
img_1027.png,bird
img_683.png,cat
img_2724.png,cat
img_2769.png,dog
img_1954.png,bird
img_1132.png,dog
img_759.png,bird
img_295.png,dog
img_1192.png,dog
img_2810.png,dog
img_2996.png,bird
img_2192.png,cat
img_2166.png,dog
img_1565.png,cat
img_2249.png,bird
img_43.png,dog
img_180.png,cat
img_2126.png,cat
img_50.png,dog
img_324.png,bird
img_2630.png,dog
img_2859.png,bird
img_2387.png,bird
img_908.png,dog
img_357.png,cat
img_1166.png,cat
img_2928.png,cat
img_502.png,cat
img_799.png,bird
img_2833.png,cat
img_1781.png,dog
img_500.png,dog
img_1630.png,bird
img_591.png,bird
img_1095.png,bird
img_990.png,bird
img_1788.png,bird
img_2715.png,bird
img_2412.png,dog
img_447.png,bird
img_890.png,cat
img_2311.png,bird
img_809.png,cat
img_1580.png,dog
img_713.png,cat
img_2524.png,dog
img_1682.png,bird
img_1730.png,cat
img_2047.png,bird
img_2856.png,cat
img_2992.png,cat
img_1937.png,bird
img_1491.png,bird
img_1043.png,dog
img_615.png,cat
img_2010.png,bird
img_1270.png,cat
img_2310.png,cat
img_2637.png,bird
img_1053.png,bird
img_577.png,cat
img_934.png,cat
img_1249.png,cat
img_1976.png,bird
img_2137.png,bird
img_1221.png,cat
img_81.png,bird
img_257.png,bird
img_2386.png,bird
img_2789.png,bird
img_441.png,cat
img_1874.png,bird
img_1047.png,cat
img_1709.png,cat
img_2492.png,bird
img_245.png,cat
img_490.png,bird
img_1281.png,cat
img_1958.png,cat
img_2961.png,cat
img_1215.png,dog
img_2371.png,cat
img_1699.png,dog
img_287.png,bird
img_1539.png,cat
img_2084.png,dog
img_1462.png,cat
img_1273.png,bird
img_2210.png,dog
img_1950.png,cat
img_1327.png,bird
img_2950.png,dog
img_1780.png,dog
img_241.png,bird
img_2662.png,cat
img_284.png,dog
img_1894.png,cat
img_937.png,bird
img_135.png,dog
img_1257.png,bird
img_150.png,cat
img_2305.png,dog
img_1062.png,cat
img_323.png,cat
img_2760.png,dog
img_36.png,cat
img_1393.png,dog
img_679.png,bird
img_293.png,dog
img_1251.png,dog
img_2510.png,cat
img_710.png,cat
img_1286.png,dog
img_234.png,dog
img_2755.png,bird
img_1745.png,bird
img_1535.png,cat
img_1930.png,dog
img_1644.png,dog
img_2414.png,bird
img_1697.png,bird
img_621.png,bird
img_2316.png,cat
img_2462.png,cat
img_390.png,bird
img_1696.png,bird
img_391.png,bird
img_1819.png,dog
img_508.png,cat
img_44.png,bird
img_1946.png,cat
img_2746.png,bird
img_742.png,bird
img_2772.png,bird
img_1767.png,bird
img_2009.png,bird
img_57.png,cat
img_1629.png,bird
img_439.png,dog
img_1429.png,bird
img_2224.png,dog
img_840.png,bird
img_306.png,dog
img_1356.png,cat
img_2835.png,cat
img_129.png,dog
img_1037.png,cat
img_2406.png,cat
img_1541.png,bird
img_1649.png,dog
img_65.png,dog
img_2671.png,cat
img_343.png,cat
img_2618.png,bird
img_2995.png,bird
img_1389.png,cat
img_233.png,dog
img_1304.png,cat
img_177.png,dog
img_2184.png,cat
img_1238.png,bird
img_2338.png,dog
img_1839.png,bird
img_2306.png,dog
img_2697.png,cat
img_793.png,dog
img_1324.png,bird
img_376.png,dog
img_2172.png,dog
img_2282.png,bird
img_2073.png,bird
img_312.png,dog
img_1160.png,bird
img_168.png,bird
img_2665.png,cat
img_2466.png,bird
img_276.png,cat
img_2904.png,cat
img_2842.png,dog
img_2146.png,dog
img_1804.png,cat
img_1658.png,dog
img_2737.png,cat
img_826.png,cat
img_1137.png,dog
img_1124.png,bird
img_2650.png,dog
img_531.png,bird
img_1408.png,dog
img_2435.png,bird
img_1445.png,cat
img_1172.png,bird
img_1791.png,cat
img_1322.png,bird
img_1127.png,dog
img_1614.png,bird
img_1968.png,dog
img_1280.png,dog
img_1052.png,cat
img_1223.png,bird
img_634.png,cat
img_1283.png,cat
img_1070.png,dog
img_2758.png,cat
img_1081.png,dog
img_124.png,cat
img_1051.png,dog
img_2426.png,dog
img_28.png,dog
img_2952.png,bird
img_1438.png,dog
img_889.png,dog
img_835.png,bird
img_1803.png,cat
img_2487.png,cat
img_186.png,dog
img_1388.png,cat
img_1633.png,bird
img_105.png,bird
img_912.png,dog
img_1809.png,bird
img_1549.png,dog
img_1242.png,cat
img_1594.png,bird
img_1303.png,cat
img_1830.png,cat
img_96.png,bird
img_1838.png,cat
img_604.png,dog
img_213.png,cat
img_1865.png,cat
img_1397.png,dog
img_2727.png,cat
img_1090.png,bird
img_2771.png,cat
img_1686.png,dog
img_1771.png,cat
img_2230.png,dog
img_2513.png,bird
img_285.png,cat
img_1155.png,bird
img_1841.png,dog
img_560.png,dog
img_1952.png,dog
img_452.png,bird
img_221.png,bird
img_764.png,bird
img_905.png,bird
img_2685.png,bird
img_2091.png,cat
img_2625.png,dog
img_1060.png,dog
img_2147.png,cat
img_2781.png,cat
img_2751.png,cat
img_651.png,cat
img_1706.png,dog
img_77.png,cat
img_2411.png,bird
img_466.png,bird
img_1285.png,dog
img_350.png,dog
img_409.png,dog
img_2675.png,cat
img_2434.png,bird
img_2695.png,cat
img_2245.png,bird
img_1275.png,cat
img_366.png,dog
img_724.png,dog
img_1262.png,bird
img_1770.png,dog
img_2958.png,dog
img_681.png,dog
img_1150.png,dog
img_1355.png,dog
img_149.png,bird
img_1011.png,dog
img_1683.png,cat
img_2349.png,cat
img_475.png,cat
img_2670.png,dog
img_114.png,cat
img_1581.png,dog
img_2438.png,dog
img_2432.png,dog
img_2209.png,dog
img_2562.png,dog
img_1618.png,cat
img_1414.png,bird
img_2104.png,dog
img_1038.png,dog
img_1648.png,cat
img_2986.png,bird
img_1255.png,bird
img_2729.png,cat
img_2228.png,cat
img_2824.png,bird
img_1530.png,cat
img_899.png,dog
img_1492.png,bird
img_1863.png,bird
img_250.png,bird
img_2393.png,dog
img_1847.png,dog
img_2787.png,dog
img_925.png,cat
img_856.png,cat
img_1716.png,dog
img_836.png,dog
img_2615.png,cat
img_603.png,bird
img_2065.png,cat
img_1182.png,bird
img_2110.png,dog
img_903.png,dog
img_1945.png,cat
img_605.png,bird
img_2847.png,cat
img_609.png,cat
img_1184.png,dog
img_2690.png,dog
img_2366.png,cat
img_771.png,bird
img_486.png,cat
img_179.png,dog
img_2762.png,bird
img_385.png,dog
img_2202.png,bird
img_159.png,dog
img_935.png,dog
img_1236.png,cat
img_1371.png,bird
img_1596.png,bird
img_876.png,bird
img_1747.png,bird
img_267.png,bird
img_1994.png,dog
img_2238.png,cat
img_1818.png,bird
img_915.png,dog
img_361.png,dog
img_1787.png,dog
img_1911.png,cat
img_2652.png,dog
img_1802.png,bird
img_1922.png,bird
img_2716.png,cat
img_414.png,cat
img_612.png,cat
img_1058.png,bird
img_2017.png,dog
img_229.png,cat
img_1754.png,cat
img_1983.png,dog
img_2068.png,cat
img_1864.png,cat
img_138.png,cat
img_631.png,dog
img_2543.png,cat
img_1230.png,bird
img_437.png,bird
img_93.png,dog
img_2186.png,bird
img_1467.png,dog
img_1991.png,dog
img_1568.png,cat
img_2937.png,dog
img_567.png,cat
img_559.png,bird
img_2263.png,dog
img_2785.png,dog
img_2243.png,bird
img_1879.png,dog
img_821.png,bird
img_1984.png,dog
img_627.png,bird
img_1174.png,bird
img_1164.png,bird
img_622.png,bird
img_963.png,bird
img_51.png,bird
img_2549.png,bird
img_2604.png,cat
img_193.png,bird
img_2866.png,dog
img_982.png,cat
img_1861.png,cat
img_1442.png,dog
img_1666.png,cat
img_2187.png,bird
img_2898.png,cat
img_2821.png,cat
img_1729.png,bird
img_2917.png,cat
img_1597.png,cat
img_2007.png,cat
img_540.png,cat
img_1834.png,cat
img_1947.png,cat
img_454.png,bird
img_1224.png,dog
img_2326.png,bird
img_2050.png,bird
img_1067.png,dog
img_637.png,cat
img_897.png,cat
img_898.png,bird
img_246.png,cat
img_994.png,dog
img_1430.png,cat
img_1499.png,dog
img_310.png,cat
img_549.png,bird
img_2227.png,dog
img_599.png,dog
img_153.png,dog
img_417.png,cat
img_2565.png,dog
img_1404.png,cat
img_1619.png,bird
img_1681.png,bird
img_1260.png,dog
img_315.png,dog
img_1813.png,dog
img_2747.png,cat
img_1837.png,cat
img_1883.png,bird
img_539.png,dog
img_155.png,dog
img_2407.png,dog
img_1508.png,cat
img_2159.png,bird
img_1202.png,dog
img_2360.png,dog
img_1366.png,dog
img_2345.png,cat
img_1441.png,cat
img_304.png,bird
img_252.png,dog
img_372.png,cat
img_1100.png,bird
img_429.png,cat
img_542.png,dog
img_1331.png,dog
img_2000.png,dog
img_191.png,cat
img_2763.png,bird
img_2990.png,bird
img_491.png,dog
img_2955.png,dog
img_2547.png,dog
img_101.png,cat
img_2404.png,cat
img_479.png,cat
img_147.png,cat
img_1435.png,dog
img_2672.png,bird
img_2261.png,cat
img_1569.png,cat
img_1949.png,dog
img_2558.png,dog
img_1794.png,bird
img_2195.png,bird
img_1103.png,dog
img_1656.png,dog
img_885.png,bird
img_2633.png,dog
img_2651.png,cat
img_2229.png,dog
img_1342.png,cat
img_854.png,cat
img_5.png,dog
img_1977.png,cat
img_1319.png,cat
img_820.png,bird
img_2578.png,bird
img_2242.png,bird
img_349.png,dog
img_2113.png,dog
img_2923.png,bird
img_1099.png,bird
img_2295.png,cat
img_2681.png,cat
img_2612.png,cat
img_510.png,cat
img_2752.png,cat
img_455.png,cat
img_2702.png,cat
img_2542.png,dog
img_1990.png,dog
img_2579.png,cat
img_798.png,dog
img_1575.png,cat
img_1933.png,bird
img_370.png,bird
img_2423.png,dog
img_2718.png,dog
img_2805.png,cat
img_1557.png,cat
img_488.png,dog
img_2945.png,dog
img_1920.png,dog
img_1226.png,dog
img_2440.png,cat
img_270.png,bird
img_181.png,dog
img_1121.png,bird
img_1708.png,cat
img_583.png,dog
img_1334.png,bird
img_1028.png,bird
img_2844.png,cat
img_1321.png,bird
img_2351.png,cat
img_2029.png,dog
img_2552.png,cat
img_292.png,cat
img_740.png,cat
img_2252.png,bird
img_66.png,cat
img_2410.png,dog
img_868.png,dog
img_1769.png,cat
img_2337.png,bird
img_374.png,cat
img_493.png,bird
img_196.png,cat
img_1695.png,dog
img_1570.png,bird
img_1114.png,bird
img_2483.png,cat
img_2339.png,cat
img_2883.png,bird
img_2817.png,cat
img_341.png,cat
img_778.png,dog
img_2861.png,bird
img_2511.png,cat
img_2474.png,cat
img_917.png,bird
img_1200.png,bird
img_2422.png,cat
img_2624.png,cat
img_1753.png,dog
img_2043.png,dog
img_1195.png,dog
img_1049.png,dog
img_874.png,cat
img_869.png,cat
img_1773.png,dog
img_1583.png,bird
img_1789.png,dog
img_398.png,bird
img_579.png,bird
img_68.png,cat
img_62.png,bird
img_536.png,cat
img_984.png,dog
img_1082.png,cat
img_10.png,cat
img_2251.png,cat
img_189.png,dog
img_2188.png,dog
img_205.png,dog
img_99.png,cat
img_2344.png,bird
img_630.png,cat
img_1891.png,dog
img_2284.png,dog
img_2141.png,bird
img_1382.png,cat
img_1567.png,cat
img_1432.png,cat
img_2634.png,dog
img_2396.png,bird
img_423.png,cat
img_497.png,dog
img_2712.png,cat
img_1269.png,dog
img_1116.png,cat
img_2328.png,dog
img_271.png,bird
img_291.png,cat
img_1247.png,cat
img_2960.png,bird
img_1498.png,dog
img_1337.png,cat
img_2920.png,dog
img_1731.png,cat
img_1871.png,cat
img_867.png,cat
img_1421.png,bird
img_2808.png,cat
img_2638.png,bird
img_1610.png,bird
img_1296.png,dog
img_1455.png,bird
img_402.png,dog
img_1957.png,cat
img_1416.png,bird
img_873.png,dog
img_565.png,dog
img_883.png,bird
img_1822.png,cat
img_1973.png,cat
img_2544.png,bird
img_1617.png,cat
img_1050.png,dog
img_2031.png,bird
img_1981.png,cat
img_2857.png,bird
img_2794.png,cat
img_1064.png,cat
img_1032.png,cat
img_1368.png,bird
img_1274.png,dog
img_243.png,cat
img_2428.png,bird
img_2903.png,cat
img_2871.png,bird
img_2256.png,cat
img_797.png,cat
img_886.png,bird
img_1886.png,cat
img_847.png,cat
img_2574.png,cat
img_748.png,dog
img_1284.png,dog
img_2437.png,cat
img_288.png,bird
img_574.png,cat
img_2489.png,dog
img_1860.png,bird
img_2463.png,dog
img_581.png,cat
img_2153.png,dog
img_841.png,bird
img_2639.png,cat
img_1566.png,bird
img_614.png,bird
img_1969.png,dog
img_568.png,cat
img_1796.png,dog
img_1473.png,cat
img_131.png,cat
img_638.png,cat
img_2865.png,dog
img_2875.png,dog
img_600.png,dog
img_2523.png,cat
img_901.png,cat
img_1815.png,dog
img_2041.png,bird
img_1073.png,dog
img_313.png,cat
img_1258.png,cat
img_337.png,cat
img_2071.png,dog
img_2864.png,bird
img_419.png,bird
img_545.png,cat
img_513.png,cat
img_2257.png,bird
img_1104.png,dog
img_2205.png,cat
img_770.png,cat
img_1098.png,cat
img_2324.png,bird
img_79.png,cat
img_1873.png,dog
img_2978.png,dog
img_2733.png,bird
img_2490.png,dog
img_2594.png,dog
img_2420.png,cat
img_2932.png,cat
img_208.png,dog
img_1402.png,dog
img_2039.png,cat
img_753.png,dog
img_2397.png,dog
img_1782.png,bird
img_819.png,bird
img_1856.png,cat
img_879.png,bird
img_2512.png,dog
img_1086.png,dog
img_1004.png,dog
img_2535.png,dog
img_2668.png,bird
img_1074.png,dog
img_2036.png,cat
img_2678.png,bird
img_140.png,dog
img_1670.png,dog
img_216.png,dog
img_2092.png,cat
img_70.png,cat
img_569.png,cat
img_1469.png,dog
img_2285.png,bird
img_728.png,bird
img_2057.png,bird
img_694.png,bird
img_975.png,cat
img_492.png,dog
img_924.png,dog
img_1999.png,bird
img_859.png,dog
img_2811.png,dog
img_368.png,dog
img_157.png,bird
img_431.png,cat
img_584.png,bird
img_2802.png,dog
img_167.png,cat
img_446.png,cat
img_629.png,bird
img_804.png,dog
img_2115.png,dog
img_2942.png,dog
img_2485.png,cat
img_964.png,cat
img_45.png,bird
img_2447.png,bird
img_377.png,cat
img_2450.png,cat
img_2362.png,dog
img_146.png,dog
img_2008.png,dog
img_544.png,dog
img_2158.png,bird
img_1876.png,dog
img_1960.png,cat
img_2577.png,cat
img_2823.png,dog
img_1372.png,dog
img_2502.png,dog
img_550.png,dog
img_843.png,dog
img_2635.png,dog
img_82.png,dog
img_1486.png,bird
img_1677.png,bird
img_2674.png,bird
img_1853.png,dog
img_392.png,bird
img_1489.png,bird
img_933.png,cat
img_2168.png,cat
img_1222.png,bird
img_953.png,bird
img_332.png,dog
img_1722.png,bird
img_238.png,bird
img_950.png,dog
img_989.png,cat
img_2181.png,dog
img_1149.png,bird
img_24.png,cat
img_2911.png,cat
img_2080.png,dog
img_2855.png,cat
img_1951.png,cat
img_64.png,bird
img_2020.png,bird
img_1657.png,bird
img_1790.png,cat
img_321.png,bird
img_1444.png,bird
img_592.png,dog
img_1109.png,cat
img_2646.png,bird
img_430.png,cat
img_985.png,cat
img_2873.png,dog
img_80.png,cat
img_2161.png,bird
img_1381.png,cat
img_451.png,dog
img_2341.png,dog
img_1867.png,dog
img_1361.png,bird
img_1685.png,bird
img_2647.png,bird
img_711.png,cat
img_893.png,bird
img_1615.png,bird
img_518.png,dog
img_119.png,cat
img_1743.png,cat
img_1573.png,cat
img_2100.png,bird
img_1975.png,dog
img_2307.png,dog
img_1779.png,dog
img_1558.png,bird
img_2276.png,dog
img_1326.png,dog
img_2526.png,dog
img_853.png,dog
img_2119.png,dog
img_2103.png,bird
img_1862.png,cat
img_1866.png,cat
img_2329.png,bird
img_2117.png,dog
img_1890.png,dog
img_176.png,cat
img_1210.png,dog
img_2032.png,dog
img_1128.png,cat
img_2780.png,dog
img_2221.png,bird
img_1329.png,bird
img_2517.png,dog
img_460.png,bird
img_91.png,dog
img_428.png,dog
img_219.png,dog
img_852.png,bird
img_1154.png,dog
img_884.png,cat
img_1820.png,bird
img_1009.png,dog
img_1749.png,bird
img_2926.png,dog
img_1288.png,cat
img_2567.png,dog
img_781.png,bird
img_1298.png,bird
img_1191.png,cat
img_2686.png,bird
img_2589.png,dog
img_2798.png,dog
img_1138.png,dog
img_116.png,cat
img_2742.png,bird
img_775.png,bird
img_483.png,cat
img_1044.png,bird
img_2431.png,cat
img_2830.png,dog
img_880.png,cat
img_2620.png,cat
img_467.png,dog
img_226.png,cat
img_2851.png,cat
img_2726.png,dog
img_1042.png,cat
img_2529.png,dog
img_2719.png,cat
img_2372.png,dog
img_1941.png,bird
img_1527.png,dog
img_426.png,bird
img_2424.png,dog
img_499.png,dog
img_564.png,cat
img_1193.png,dog
img_170.png,dog
img_11.png,bird
img_2596.png,cat
img_850.png,bird
img_2070.png,bird
img_1188.png,cat
img_1025.png,bird
img_1799.png,cat
img_1363.png,bird
img_1101.png,bird
img_23.png,dog
img_1511.png,bird
img_639.png,cat
img_2979.png,bird
img_1458.png,bird
img_2503.png,cat
img_2322.png,bird
img_2790.png,dog
img_941.png,bird
img_1586.png,dog
img_2723.png,bird
img_532.png,dog
img_2943.png,cat
img_2413.png,bird
img_1300.png,bird
img_1667.png,cat
img_1934.png,cat
img_2219.png,cat
img_1170.png,cat
img_2052.png,dog
img_667.png,cat
img_838.png,cat
img_1205.png,cat
img_2112.png,cat
img_624.png,cat
img_2534.png,dog
img_910.png,cat
img_1687.png,bird
img_663.png,bird
img_996.png,cat
img_1292.png,bird
img_1785.png,cat
img_2053.png,bird
img_2806.png,dog
img_516.png,cat
img_416.png,cat
img_1357.png,cat
img_2506.png,dog
img_1901.png,cat
img_133.png,cat
img_1914.png,cat
img_958.png,cat
img_344.png,cat
img_1663.png,dog
img_1636.png,bird
img_944.png,dog
img_1662.png,dog
img_442.png,bird
img_141.png,cat
img_1651.png,cat
img_2457.png,cat
img_2179.png,cat
img_521.png,cat
img_1161.png,cat
img_2860.png,cat
img_202.png,bird
img_2796.png,bird
img_1616.png,cat
img_2330.png,cat
img_2124.png,cat
img_1235.png,cat
img_1814.png,dog
img_697.png,cat
img_1307.png,bird
img_498.png,cat
img_2732.png,dog
img_801.png,cat
img_745.png,bird
img_957.png,cat
img_2028.png,cat
img_2400.png,dog
img_533.png,bird
img_2496.png,dog
img_443.png,cat
img_715.png,cat
img_2516.png,cat
img_2708.png,dog
img_2096.png,bird
img_1741.png,bird
img_354.png,bird
img_2673.png,dog
img_25.png,cat
img_1407.png,cat
img_2198.png,cat
img_90.png,cat
img_657.png,bird
img_2359.png,cat
img_1955.png,bird
img_2974.png,bird
img_1450.png,bird
img_1721.png,dog
img_1265.png,bird
img_1346.png,cat
img_849.png,dog
img_2105.png,cat
img_2643.png,dog
img_2536.png,cat
img_1320.png,dog
img_1350.png,cat
img_2941.png,cat
img_1514.png,cat
img_172.png,dog
img_1422.png,cat
img_582.png,bird
img_1844.png,cat
img_1590.png,bird
img_2939.png,cat
img_2308.png,bird
img_1546.png,cat
img_1915.png,bird
img_1213.png,dog
img_2640.png,cat
img_1343.png,cat
img_2064.png,cat
img_1008.png,cat
img_1461.png,cat
img_920.png,bird
img_2972.png,bird
img_900.png,cat
img_41.png,cat
img_283.png,bird
img_2361.png,bird
img_1207.png,dog
img_2826.png,bird
img_2081.png,cat
img_2998.png,bird
img_1234.png,cat
img_2935.png,bird
img_1108.png,bird
img_1189.png,dog
img_2395.png,dog
img_551.png,cat
img_2963.png,cat
img_2451.png,cat
img_1139.png,bird
img_1418.png,bird
img_2991.png,cat
img_327.png,bird
img_515.png,dog
img_1909.png,cat
img_2300.png,cat
img_2613.png,dog
img_1645.png,bird
img_2954.png,dog
img_1448.png,cat
img_2217.png,bird
img_30.png,dog
img_1978.png,bird
img_1503.png,bird
img_59.png,cat
img_2016.png,dog
img_719.png,dog
img_274.png,bird
img_1577.png,cat
img_2711.png,dog
img_1921.png,bird
img_120.png,cat
img_2216.png,cat
img_1533.png,dog
img_1107.png,bird
img_1936.png,cat
img_2765.png,dog
img_111.png,dog
img_405.png,cat
img_1602.png,cat
img_281.png,bird
img_2921.png,dog
img_55.png,dog
img_2086.png,bird
img_100.png,bird
img_1136.png,bird
img_2539.png,dog
img_597.png,bird
img_269.png,cat
img_1218.png,cat
img_1125.png,cat
img_2664.png,bird
img_223.png,bird
img_511.png,dog
img_2236.png,dog
img_1953.png,bird
img_1097.png,bird
img_379.png,bird
img_2048.png,cat
img_2167.png,cat
img_190.png,dog
img_2142.png,cat
img_2044.png,bird
img_1897.png,cat
img_1112.png,cat
img_2966.png,cat
img_2704.png,dog
img_2268.png,bird
img_1659.png,bird
img_2265.png,cat
img_2391.png,cat
img_1571.png,dog
img_523.png,cat
img_308.png,dog
img_1522.png,dog
img_1152.png,dog
img_2940.png,cat
img_2734.png,dog
img_779.png,bird
img_1352.png,dog
img_2382.png,dog
img_1564.png,bird
img_2223.png,dog
img_240.png,dog
img_2319.png,cat
img_2938.png,dog
img_2801.png,cat
img_805.png,cat
img_1996.png,cat
img_1186.png,bird
img_42.png,dog
img_776.png,dog
img_2442.png,cat
img_767.png,cat
img_2297.png,dog
img_1110.png,dog
img_109.png,cat
img_2023.png,cat
img_2194.png,bird
img_53.png,bird
img_1156.png,dog
img_2079.png,bird
img_2296.png,dog
img_986.png,cat
img_2354.png,bird
img_2641.png,dog
img_2460.png,dog
img_2441.png,dog
img_2849.png,cat
img_2015.png,dog
img_1518.png,bird
img_1970.png,dog
img_2788.png,bird
img_1532.png,bird
img_1370.png,bird
img_743.png,cat
img_1443.png,dog
img_870.png,cat
img_6.png,dog
img_2436.png,cat
img_301.png,bird
img_2989.png,cat
img_2024.png,cat
img_60.png,dog
img_362.png,dog
img_732.png,bird
img_871.png,bird
img_1910.png,cat
img_1341.png,cat
img_218.png,cat
img_913.png,dog
img_887.png,bird
img_1459.png,cat
img_2608.png,bird
img_2075.png,dog
img_1034.png,cat
img_1433.png,dog
img_2408.png,bird
img_777.png,dog
img_286.png,bird
img_1664.png,bird
img_1083.png,dog
img_2013.png,bird
img_1801.png,dog
img_2182.png,bird
img_1427.png,dog
img_302.png,dog
img_1735.png,bird
img_2058.png,cat
img_2213.png,bird
img_463.png,dog
img_472.png,cat
img_319.png,cat
img_1036.png,dog
img_2591.png,cat
img_2356.png,dog
img_626.png,bird
img_1212.png,cat
img_199.png,dog
img_2867.png,bird
img_2120.png,dog
img_106.png,cat
img_2994.png,dog
img_2315.png,dog
img_1383.png,dog
img_2899.png,cat
img_968.png,cat
img_2401.png,dog
img_2623.png,cat
img_1507.png,bird
img_2520.png,bird
img_373.png,cat
img_1964.png,dog
img_1488.png,bird
img_1547.png,bird
img_2286.png,cat
img_117.png,cat
img_1378.png,cat
img_1261.png,bird
img_816.png,bird
img_195.png,cat
img_1077.png,dog
img_2584.png,bird
img_2461.png,cat
img_2254.png,bird
img_1031.png,cat
img_601.png,bird
img_1795.png,cat
img_2645.png,dog
img_2804.png,dog
img_215.png,bird
img_967.png,dog
img_780.png,dog
img_1531.png,cat
img_1715.png,bird
img_1181.png,dog
img_1777.png,cat
img_754.png,bird
img_2795.png,dog
img_991.png,cat
img_130.png,bird
img_2754.png,cat
img_2588.png,cat
img_785.png,cat
img_2611.png,cat
img_476.png,bird
img_1412.png,cat
img_0.png,cat
img_2736.png,dog
img_2206.png,dog
img_1291.png,bird
img_675.png,dog
img_1624.png,dog
img_2493.png,dog
img_2897.png,dog
img_1858.png,bird
img_1905.png,cat
img_2239.png,cat
img_1823.png,dog
img_2527.png,bird
img_1019.png,dog
img_1846.png,dog
img_666.png,dog
img_1340.png,bird
img_21.png,cat
img_1299.png,cat
img_2862.png,bird
img_3.png,cat
img_4.png,bird
img_2691.png,bird
img_1750.png,dog
img_504.png,bird
img_1035.png,cat
img_1528.png,bird
img_1585.png,dog
img_2106.png,cat
img_209.png,cat
img_1024.png,dog
img_2667.png,bird
img_2910.png,bird
img_136.png,bird
img_688.png,bird
img_102.png,bird
img_1943.png,bird
img_2965.png,dog
img_1593.png,cat
img_2169.png,dog
img_2783.png,dog
img_7.png,cat
img_1148.png,cat
img_1698.png,dog
img_625.png,bird
img_1085.png,dog
img_1079.png,cat
img_2606.png,cat
img_2819.png,cat
img_2476.png,dog
img_137.png,bird
img_468.png,dog
img_2488.png,dog
img_1744.png,dog
img_1013.png,cat
img_2595.png,cat
img_1980.png,dog
img_34.png,bird
img_1635.png,cat
img_2164.png,bird
img_1671.png,cat
img_1359.png,dog
img_2025.png,cat
img_1728.png,cat
img_526.png,bird
img_1385.png,cat
img_2888.png,cat
img_2370.png,bird
img_2957.png,bird
img_647.png,cat
img_2566.png,cat
img_2381.png,cat
img_1076.png,cat
img_1881.png,bird
img_1928.png,cat
img_383.png,dog
img_1241.png,dog
img_210.png,bird
img_1609.png,dog
img_2692.png,cat
img_1807.png,dog
img_2653.png,dog
img_1111.png,cat
img_1379.png,cat
img_481.png,dog
img_1197.png,dog
img_940.png,cat
img_2099.png,cat
img_1117.png,dog
img_2255.png,cat
img_1245.png,dog
img_231.png,bird
img_2735.png,bird
img_844.png,dog
img_232.png,cat
img_297.png,cat
img_1691.png,dog
img_115.png,bird
img_1072.png,cat
img_2290.png,bird
img_1089.png,cat
img_2499.png,bird
img_1967.png,bird
img_1554.png,dog
img_2203.png,dog
img_576.png,bird
img_2973.png,cat
img_734.png,bird
img_438.png,cat
img_247.png,bird
img_2533.png,bird
img_161.png,bird
img_434.png,cat
img_1660.png,cat
img_1908.png,bird
img_1543.png,cat
img_673.png,bird
img_2933.png,cat
img_2331.png,bird
img_1302.png,bird
img_2731.png,bird
img_1033.png,bird
img_1517.png,bird
img_922.png,dog
img_2617.png,dog
img_2204.png,cat
img_1201.png,dog
img_85.png,bird
img_2222.png,cat
img_389.png,dog
img_1776.png,dog
img_1220.png,bird
img_2559.png,cat
img_552.png,bird
img_58.png,bird
img_2820.png,bird
img_1199.png,cat
img_2429.png,bird
img_623.png,dog
img_1521.png,cat
img_2066.png,bird
img_2553.png,bird
img_2101.png,cat
img_692.png,dog
img_733.png,bird
img_689.png,dog
img_2109.png,bird
img_1974.png,bird
img_260.png,bird
img_1710.png,dog
img_1600.png,cat
img_1048.png,dog
img_436.png,dog
img_1851.png,cat
img_2782.png,cat
img_1711.png,dog
img_2244.png,dog
img_278.png,dog
img_2471.png,dog
img_1487.png,dog
img_56.png,dog
img_2082.png,cat
img_1002.png,cat
img_1700.png,bird
img_766.png,bird
img_1171.png,dog
img_2852.png,dog
img_2218.png,dog
img_1748.png,dog
img_2845.png,bird
img_2130.png,dog
img_2557.png,dog
img_656.png,cat
img_1717.png,dog
img_762.png,cat
img_2040.png,bird
img_1759.png,bird
img_1374.png,dog
img_175.png,cat
img_33.png,dog
img_1540.png,bird
img_2850.png,dog
img_427.png,dog
img_2266.png,cat
img_930.png,bird
img_2815.png,cat
img_2465.png,cat
img_2014.png,cat
img_178.png,bird
img_2477.png,dog
img_369.png,cat
img_716.png,bird
img_558.png,dog
img_1704.png,bird
img_2415.png,cat
img_2707.png,cat
img_328.png,bird
img_945.png,cat
img_1087.png,bird
img_2260.png,bird
img_644.png,cat
img_976.png,bird
img_1454.png,cat
img_2680.png,dog
img_158.png,bird
img_802.png,cat
img_1918.png,cat
img_822.png,dog
img_2738.png,cat
img_695.png,dog
img_46.png,dog
img_1733.png,cat
img_316.png,bird
img_2931.png,cat
img_1797.png,cat
img_2088.png,bird
img_1387.png,dog
img_2913.png,dog
img_1724.png,bird
img_351.png,bird
img_1738.png,bird
img_620.png,dog
img_2934.png,bird
img_424.png,bird
img_738.png,cat
img_201.png,bird
img_255.png,cat
img_1466.png,cat
img_2199.png,cat
img_831.png,cat
img_2289.png,bird
img_2368.png,dog
img_2247.png,bird
img_1483.png,dog
img_2632.png,cat
img_185.png,bird
img_562.png,cat
img_751.png,dog
img_997.png,bird
img_347.png,cat
img_2531.png,bird
img_1912.png,bird
img_2946.png,bird
img_1293.png,bird
img_1810.png,bird
img_2399.png,cat
img_2631.png,dog
img_2854.png,dog
img_1208.png,dog
img_1836.png,cat
img_1183.png,bird
img_507.png,bird
img_2834.png,bird
img_587.png,cat
img_2922.png,dog
img_2554.png,cat
img_1472.png,dog
img_2840.png,dog
img_863.png,cat
img_2111.png,dog
img_970.png,bird
img_380.png,bird
img_1848.png,bird
img_2473.png,bird
img_480.png,cat
img_1962.png,bird
img_97.png,cat
img_1512.png,dog
img_2445.png,dog
img_2278.png,cat
img_1961.png,bird
img_942.png,dog
img_708.png,cat
img_1406.png,dog
img_2515.png,bird
img_1510.png,dog
img_1826.png,cat
img_359.png,dog
img_2449.png,bird
img_1482.png,bird
img_669.png,cat
img_514.png,bird
img_691.png,dog
img_527.png,dog
img_2358.png,dog
img_26.png,cat
img_1574.png,cat
img_530.png,cat
img_1018.png,dog
img_2143.png,dog
img_224.png,bird
img_1806.png,dog
img_2418.png,cat
img_818.png,dog
img_433.png,cat
img_2774.png,bird
img_2555.png,dog
img_2163.png,cat
img_534.png,bird
img_2621.png,cat
img_244.png,cat
img_1279.png,cat
img_2983.png,dog
img_2843.png,cat
img_2246.png,dog
img_2676.png,cat
img_2128.png,dog
img_1040.png,bird
img_2906.png,cat
img_2907.png,cat
img_757.png,cat
img_2602.png,cat
img_1203.png,dog
img_2841.png,dog
img_1903.png,bird
img_1829.png,dog
img_1766.png,cat
img_2035.png,bird
img_598.png,bird
img_2522.png,bird
img_1892.png,bird
img_2583.png,dog
img_2090.png,cat
img_2870.png,cat
img_813.png,cat
img_1707.png,cat
img_2519.png,cat
img_2829.png,dog
img_2444.png,cat
img_792.png,bird
img_2486.png,bird
img_1674.png,cat
img_1988.png,cat
img_729.png,cat
img_2918.png,dog
img_2237.png,cat
img_169.png,bird
img_1842.png,bird
img_121.png,dog
img_1845.png,cat
img_2868.png,cat
img_921.png,cat
img_1732.png,dog
img_2649.png,cat
img_174.png,cat
img_1123.png,cat
img_355.png,cat
img_1278.png,bird
img_1825.png,dog
img_570.png,bird
img_2683.png,dog
img_1396.png,cat
img_1966.png,dog
img_2877.png,cat
img_1739.png,dog
img_1336.png,dog
img_2303.png,dog
img_2575.png,dog
img_807.png,bird
img_1544.png,cat
img_2863.png,dog
img_425.png,bird
img_1816.png,dog
img_2660.png,cat
img_739.png,bird
img_1233.png,dog
img_1039.png,cat
img_2270.png,cat
img_571.png,dog
img_1411.png,cat
img_882.png,dog
img_923.png,cat
img_2717.png,bird
img_961.png,bird
img_617.png,bird
img_2275.png,bird
img_788.png,cat
img_2568.png,bird
img_2335.png,dog
img_2927.png,bird
img_1758.png,dog
img_2679.png,bird
img_1562.png,cat
img_2592.png,dog
img_1537.png,dog
img_1555.png,bird
img_98.png,cat
img_2687.png,bird
img_1888.png,dog
img_735.png,dog
img_707.png,cat
img_2425.png,dog
img_696.png,dog
img_1217.png,cat
img_1692.png,dog
img_1622.png,dog
img_1504.png,dog
img_501.png,bird
img_1017.png,cat
img_2055.png,bird
img_1478.png,cat
img_2498.png,cat
img_980.png,dog
img_1006.png,bird
img_895.png,cat
img_2439.png,bird
img_411.png,dog
img_2962.png,dog
img_1360.png,bird
img_182.png,dog
img_2037.png,bird
img_2504.png,bird
img_832.png,dog
img_154.png,bird
img_1309.png,dog
img_335.png,cat
img_864.png,bird
img_2482.png,cat
img_1409.png,bird
img_1913.png,dog
img_2587.png,cat
img_333.png,cat
img_658.png,cat
img_1589.png,cat
img_2312.png,cat
img_2375.png,cat
img_1843.png,dog
img_2666.png,dog
img_277.png,bird
img_453.png,cat
img_72.png,dog
img_693.png,bird
img_1142.png,bird
img_151.png,bird
img_126.png,dog
img_305.png,dog
img_395.png,cat
img_685.png,dog
img_2231.png,bird
img_1437.png,bird
img_2936.png,dog
img_2280.png,bird
img_444.png,bird
img_2745.png,cat
img_1453.png,bird
img_1068.png,bird
img_1394.png,bird
img_2094.png,cat
img_2508.png,cat
img_1620.png,dog
img_200.png,cat
img_1177.png,dog
img_2171.png,cat
img_750.png,bird
img_1001.png,cat
img_17.png,cat
img_1688.png,dog
img_1384.png,dog
img_954.png,bird
img_595.png,dog
img_2659.png,bird
img_187.png,bird
img_2836.png,dog
img_1167.png,dog
img_1900.png,bird
img_474.png,cat
img_563.png,cat
img_2967.png,cat
img_1306.png,dog
img_1542.png,bird
img_608.png,cat
img_947.png,dog
img_394.png,bird
img_1496.png,bird
img_1998.png,cat
img_2220.png,cat
img_1015.png,cat
img_164.png,bird
img_2629.png,cat
img_662.png,bird
img_1505.png,cat
img_258.png,cat
img_1763.png,cat
img_655.png,cat
img_1857.png,cat
img_338.png,cat
img_2626.png,cat
img_2580.png,dog
img_15.png,dog
img_783.png,cat
img_2881.png,dog
img_2831.png,cat
img_1923.png,bird
img_1431.png,cat
img_1313.png,bird
img_1399.png,dog
img_1066.png,cat
img_86.png,bird
img_2377.png,dog
img_858.png,cat
img_1742.png,dog
img_2886.png,cat
img_1563.png,bird
img_2663.png,dog
img_537.png,bird
img_636.png,bird
img_553.png,cat
img_1446.png,bird
img_108.png,dog
img_1436.png,bird
img_1333.png,dog
img_2269.png,dog
img_145.png,cat
img_273.png,bird
img_1271.png,bird
img_1647.png,cat
img_1045.png,cat
img_2561.png,cat
img_1178.png,cat
img_1344.png,cat
img_2846.png,bird
img_2807.png,dog
img_1312.png,cat
img_1551.png,bird
img_1601.png,dog
img_2173.png,cat
img_148.png,bird
img_1784.png,dog
img_1380.png,bird
img_2530.png,cat
img_1003.png,cat
img_2301.png,bird
img_1693.png,bird
img_163.png,cat
img_1989.png,dog
img_795.png,cat
img_22.png,dog
img_722.png,cat
img_653.png,dog
img_2481.png,dog
img_525.png,cat
img_2056.png,bird
img_992.png,cat
img_2472.png,cat
img_2114.png,bird
img_1229.png,cat
img_2175.png,cat
img_2809.png,cat
img_931.png,cat
img_1556.png,bird
img_2170.png,cat
img_2748.png,bird
img_2882.png,bird
img_607.png,cat
img_1373.png,dog
img_761.png,dog
img_2353.png,cat
img_1931.png,dog
img_2291.png,cat
img_1997.png,cat
img_1676.png,dog
img_342.png,cat
img_1476.png,cat
img_2573.png,cat
img_2721.png,cat
img_194.png,bird
img_432.png,bird
img_902.png,cat
img_1548.png,bird
img_974.png,bird
img_839.png,dog
img_512.png,cat
img_2832.png,cat
img_2999.png,bird
img_2139.png,bird
img_1310.png,cat
img_2208.png,cat
img_1623.png,bird
img_1643.png,bird
img_2495.png,bird
img_1821.png,dog
img_1599.png,dog
img_1187.png,cat
img_2234.png,bird
img_2196.png,bird
img_1318.png,cat
img_2713.png,cat
img_336.png,dog
img_2816.png,cat
img_1506.png,bird
img_2551.png,dog
img_586.png,cat
img_2509.png,cat
img_561.png,dog
img_1948.png,bird
img_1268.png,bird
img_2505.png,bird
img_2827.png,cat
img_2363.png,dog
img_49.png,cat
img_1248.png,dog
img_2657.png,dog
img_2812.png,cat
img_2548.png,bird
img_796.png,cat
img_303.png,cat
img_2948.png,bird
img_2930.png,cat
img_2822.png,bird
img_517.png,bird
img_78.png,bird
img_1021.png,bird
img_1678.png,bird
img_791.png,dog
img_2616.png,cat
img_2879.png,cat
img_948.png,bird
img_2786.png,cat
img_2779.png,bird
img_2597.png,bird
img_104.png,bird
img_824.png,bird
img_811.png,cat
img_2951.png,dog
img_2019.png,bird
img_2122.png,dog
img_928.png,dog
img_971.png,bird
img_1925.png,bird
img_2598.png,dog
img_2160.png,dog
img_2026.png,cat
img_2054.png,bird
img_457.png,bird
img_2644.png,bird
img_2987.png,cat
img_2240.png,cat
img_881.png,dog
img_977.png,bird
img_1010.png,dog
img_2302.png,bird
img_239.png,dog
img_2582.png,dog
img_2556.png,bird
img_1214.png,cat
img_1805.png,cat
img_2743.png,dog
img_1054.png,bird
img_1959.png,cat
img_1084.png,cat
img_825.png,dog
img_718.png,bird
img_1668.png,bird
img_1256.png,cat
img_2901.png,dog
img_1471.png,cat
img_2648.png,cat
img_1419.png,cat
img_566.png,bird
img_487.png,cat
img_298.png,cat
img_1059.png,dog
img_969.png,bird
img_2063.png,dog
img_702.png,dog
img_556.png,bird
img_397.png,cat
img_846.png,dog
img_1403.png,cat
img_2388.png,dog
img_790.png,cat
img_2818.png,bird
img_314.png,cat
img_2097.png,cat
img_1690.png,dog
img_113.png,bird
img_2792.png,cat
img_2045.png,cat
img_1392.png,dog
img_1395.png,dog
img_2320.png,cat
img_1740.png,dog
img_1198.png,cat
img_2390.png,cat
img_2232.png,bird
img_872.png,dog
img_192.png,dog
img_758.png,bird
img_919.png,bird
img_1859.png,bird
img_1852.png,bird
img_1880.png,cat
img_640.png,cat
img_756.png,bird
img_596.png,bird
img_2151.png,cat
img_1092.png,dog
img_810.png,bird
img_817.png,cat
img_2098.png,bird
img_973.png,bird
img_1447.png,cat
img_2446.png,cat
img_1428.png,dog
img_2468.png,bird
img_2277.png,cat
img_2984.png,dog
img_2975.png,dog
img_1102.png,cat
img_1243.png,dog
img_107.png,cat
img_892.png,cat
img_1895.png,bird
img_723.png,cat
img_700.png,dog
img_1000.png,cat
img_2129.png,cat
img_1868.png,bird
img_1209.png,dog
img_731.png,cat
img_1798.png,cat
img_2720.png,bird
img_2658.png,bird
img_1727.png,dog
img_2060.png,bird
img_1631.png,bird
img_1308.png,cat
img_1942.png,bird
img_635.png,dog
img_2235.png,dog
img_701.png,bird
img_2761.png,dog
img_1135.png,cat
img_254.png,bird
img_2947.png,bird
img_520.png,bird
img_410.png,bird
img_682.png,cat
img_705.png,bird
img_2525.png,dog
img_2693.png,bird
img_388.png,cat
img_2977.png,bird
img_2902.png,dog
img_589.png,dog
img_1216.png,cat
img_2149.png,bird
img_2759.png,dog
img_2373.png,dog
img_214.png,dog
img_2049.png,dog
img_962.png,bird
img_2294.png,bird
img_2799.png,bird
img_2157.png,dog
img_848.png,dog
img_1655.png,cat
img_2226.png,bird
img_1314.png,dog
img_2929.png,dog
img_2211.png,cat
img_2478.png,dog
img_251.png,bird
img_2654.png,bird
img_331.png,cat
img_1475.png,bird
img_2417.png,dog
img_2564.png,bird
img_280.png,dog
img_2125.png,cat
img_952.png,cat
img_546.png,bird
img_358.png,dog
img_2981.png,cat
img_1939.png,bird
img_2684.png,cat
img_2895.png,cat
img_1607.png,cat
img_1176.png,bird
img_983.png,cat
img_1751.png,dog
img_235.png,dog
img_803.png,bird
img_2893.png,bird
img_2313.png,dog
img_449.png,cat
img_2828.png,dog
img_1850.png,dog
img_1501.png,bird
img_2201.png,bird
img_2541.png,bird
img_1424.png,dog
img_399.png,bird
img_1464.png,dog
img_2501.png,bird
img_755.png,dog
img_690.png,bird
img_1591.png,dog
img_684.png,dog
img_1263.png,bird
img_2427.png,dog
img_2791.png,cat
img_2885.png,bird
img_464.png,cat
img_2416.png,cat
img_706.png,dog
img_1022.png,dog
img_1423.png,bird
img_1680.png,bird
img_346.png,bird
img_110.png,dog
img_2253.png,cat
img_2600.png,cat
img_1904.png,cat
img_1705.png,bird
img_1916.png,dog
img_1332.png,dog
img_1481.png,bird
img_774.png,bird
img_2915.png,dog
img_2033.png,cat
img_1030.png,bird
img_1297.png,cat
img_714.png,cat
img_1625.png,bird
img_1351.png,cat
img_2145.png,cat
img_2605.png,cat
img_1126.png,cat
img_2333.png,dog
img_1141.png,cat
img_2744.png,dog
img_2581.png,dog
img_171.png,dog
img_2051.png,bird
img_602.png,dog
img_494.png,bird
img_1055.png,bird
img_2258.png,dog
img_1439.png,bird
img_1146.png,dog
img_946.png,dog
img_2347.png,cat
img_188.png,cat
img_139.png,bird
img_503.png,cat
img_1995.png,dog
img_1902.png,bird
img_981.png,cat
img_1639.png,cat
img_84.png,bird
img_1627.png,dog
img_1689.png,cat
img_1259.png,dog
img_482.png,bird
img_318.png,bird
img_2357.png,dog
img_165.png,cat
img_642.png,cat
img_768.png,bird
img_1608.png,bird
img_2919.png,bird
img_1317.png,dog
img_862.png,bird
img_262.png,cat
img_2076.png,dog
img_2656.png,dog
img_1096.png,cat
img_1559.png,cat
img_1023.png,cat
img_1078.png,bird
img_2569.png,bird
img_1244.png,bird
img_914.png,cat
img_951.png,cat
img_118.png,dog
img_1113.png,dog
img_1878.png,cat
img_2134.png,bird
img_555.png,cat
img_812.png,cat
img_1665.png,dog
img_134.png,cat
img_2456.png,cat
img_2262.png,dog
img_2494.png,bird
img_1993.png,cat
img_529.png,dog
img_2207.png,bird
img_1526.png,cat
img_1652.png,dog
img_1169.png,cat
img_266.png,dog
img_857.png,dog
img_575.png,bird
img_965.png,cat
img_505.png,cat
img_35.png,cat
img_1295.png,cat
img_1520.png,cat
img_2993.png,bird
img_2346.png,dog
img_2455.png,cat
img_2132.png,cat
img_2749.png,dog
img_888.png,cat
img_1080.png,dog
img_1426.png,dog
img_2367.png,cat
img_1500.png,dog
img_1828.png,dog
img_1800.png,bird
img_1041.png,dog
img_1898.png,bird
img_1330.png,bird
img_2968.png,bird
img_2607.png,cat
img_2197.png,cat
img_1227.png,bird
img_2916.png,bird
img_217.png,cat
img_2997.png,bird
img_204.png,bird
img_2467.png,bird
img_2155.png,dog
img_2453.png,cat
img_2750.png,dog
img_2018.png,cat
img_1130.png,bird
img_1524.png,cat
img_1349.png,bird
img_659.png,cat
img_1734.png,cat
img_371.png,cat
img_2982.png,bird
img_2292.png,bird
img_717.png,dog
img_1757.png,bird
img_412.png,cat
img_2123.png,dog
img_1440.png,dog
img_861.png,cat
img_2107.png,bird
img_12.png,cat
img_999.png,bird
img_993.png,cat
img_1760.png,cat
img_2889.png,cat
img_2323.png,bird
img_528.png,cat
img_1588.png,bird
img_1646.png,bird
img_794.png,bird
img_1811.png,dog
img_2281.png,cat
img_866.png,cat
img_2191.png,dog
img_184.png,cat
img_282.png,dog
img_2766.png,cat
img_1579.png,cat
img_2593.png,dog
img_907.png,cat
img_1451.png,cat
img_1605.png,cat
img_94.png,cat
img_1765.png,cat
img_541.png,dog
img_2006.png,cat
img_1071.png,bird
img_580.png,dog
img_365.png,cat
img_2728.png,bird
img_704.png,dog
img_363.png,dog
img_2148.png,dog
img_911.png,dog
img_1237.png,bird
img_1538.png,cat
img_1987.png,cat
img_296.png,cat
img_891.png,dog
img_415.png,cat
img_712.png,cat
img_2619.png,cat
img_435.png,bird
img_1832.png,cat
img_1231.png,bird
img_2283.png,dog
img_2156.png,cat
img_1929.png,bird
img_979.png,cat
img_1484.png,bird
img_1519.png,dog
img_1290.png,cat
img_760.png,dog
img_2705.png,cat
img_1919.png,cat
img_1323.png,bird
img_422.png,bird
img_2609.png,dog
img_1737.png,dog
img_2778.png,cat
img_1701.png,cat
img_749.png,bird
img_440.png,dog
img_2622.png,cat
img_2912.png,bird
img_61.png,bird
img_2586.png,cat
img_1632.png,dog
img_2572.png,bird
img_699.png,bird
img_670.png,bird
img_2698.png,cat
img_396.png,bird
img_1882.png,bird
img_203.png,bird
img_1621.png,bird
img_2062.png,dog
img_13.png,dog
img_2369.png,dog
img_2770.png,bird
img_2689.png,cat
img_152.png,bird
img_1595.png,bird
img_543.png,bird
img_2560.png,cat
img_2576.png,cat
img_2669.png,cat
img_360.png,dog
img_1761.png,cat
img_573.png,bird
img_1254.png,bird
img_2730.png,dog
img_727.png,dog
img_955.png,cat
img_765.png,cat
img_420.png,bird
img_956.png,dog
img_2183.png,bird
img_906.png,dog
img_1720.png,dog
img_1206.png,dog
img_1940.png,dog
img_1289.png,cat
img_1145.png,cat
img_2848.png,cat
img_326.png,dog
img_2003.png,dog
img_1420.png,dog
img_19.png,cat
img_329.png,dog
img_103.png,cat
img_9.png,cat
img_220.png,dog
img_909.png,cat
img_904.png,bird
img_2528.png,cat
img_618.png,cat
img_1175.png,bird
img_2464.png,cat
img_2964.png,dog
img_2563.png,dog
img_132.png,bird
img_2327.png,bird
img_2233.png,dog
img_1134.png,bird
img_1956.png,bird
img_1143.png,cat
img_2403.png,bird
img_2089.png,bird
img_628.png,dog
img_2011.png,cat
img_855.png,dog
img_698.png,cat
img_1675.png,cat
img_1463.png,dog
img_2585.png,bird
img_1534.png,bird
img_387.png,bird
img_672.png,dog
img_2350.png,cat
img_88.png,bird
img_916.png,bird
img_1007.png,cat
img_2458.png,dog
img_2469.png,bird
img_378.png,bird
img_1311.png,cat
img_2001.png,bird
img_1718.png,bird
img_800.png,cat
img_386.png,cat
img_67.png,dog
img_1131.png,cat
img_1612.png,bird
img_1637.png,dog
img_830.png,cat
img_1611.png,cat
img_1831.png,dog
img_2365.png,cat
img_484.png,cat
img_1979.png,bird
img_1449.png,cat
img_1470.png,dog
img_588.png,bird
img_1714.png,bird
img_2500.png,bird
img_2777.png,bird
img_1673.png,dog
img_554.png,dog
img_330.png,cat
img_522.png,bird
img_665.png,dog
img_1893.png,dog
img_1502.png,dog
img_2793.png,bird
img_2484.png,bird
img_2694.png,cat
img_1413.png,dog
img_894.png,bird
img_524.png,dog
img_875.png,dog
img_471.png,bird
img_2872.png,bird
img_69.png,bird
img_643.png,cat
img_348.png,cat
img_741.png,cat
img_1185.png,bird
img_1252.png,bird
img_2215.png,cat
img_1075.png,cat
img_650.png,cat
img_309.png,bird
img_611.png,dog
img_263.png,dog
img_2725.png,cat
img_943.png,bird
img_2355.png,cat
img_1985.png,cat
img_1046.png,dog
img_1277.png,cat
img_720.png,cat
img_2272.png,cat
img_987.png,cat
img_253.png,cat
img_1885.png,bird
img_403.png,bird
img_2077.png,dog
img_382.png,bird
img_744.png,dog
img_173.png,dog
img_2127.png,cat
img_2419.png,dog
img_162.png,dog
img_2030.png,bird
img_918.png,cat
img_535.png,dog
img_375.png,cat
img_1129.png,cat
img_721.png,bird
img_1661.png,cat
img_14.png,bird
img_339.png,cat
img_227.png,bird
img_1719.png,dog
img_1493.png,cat
img_572.png,dog
img_125.png,bird
img_878.png,dog
img_538.png,bird
img_2087.png,bird
img_1415.png,cat
img_1613.png,bird
img_1560.png,dog
img_547.png,dog
img_2138.png,dog
img_2768.png,cat
img_48.png,cat
img_1672.png,cat
img_1065.png,bird
img_1358.png,bird
img_2448.png,bird
img_1026.png,dog
img_445.png,dog
img_1250.png,bird
img_2165.png,cat
img_1572.png,dog
img_74.png,bird
img_2133.png,dog
img_1057.png,dog
img_2325.png,cat
img_1118.png,dog
img_1889.png,bird
img_2334.png,cat
img_2753.png,cat
img_590.png,bird
img_2309.png,bird
img_1641.png,cat
img_2046.png,cat
img_2293.png,cat
img_2154.png,cat
img_1094.png,cat
img_726.png,cat
img_1932.png,dog
img_29.png,bird
img_2550.png,dog
img_1377.png,dog
img_2739.png,cat
img_1626.png,dog
img_661.png,cat
img_1228.png,bird
img_763.png,dog
img_2454.png,dog
img_2636.png,bird
img_142.png,dog
img_865.png,dog
img_413.png,cat
img_2908.png,bird
img_730.png,bird
img_959.png,bird
img_1390.png,cat
img_225.png,dog
img_1219.png,cat
img_353.png,bird
img_2714.png,bird
img_1474.png,cat
img_1180.png,bird
img_2248.png,bird
img_2914.png,bird
img_299.png,cat
img_1479.png,bird
img_290.png,cat
img_1550.png,cat
img_1144.png,bird
img_2459.png,cat
img_1122.png,dog
img_1992.png,bird
img_1653.png,cat
img_936.png,cat
img_83.png,bird
img_1369.png,dog
img_228.png,bird
img_1712.png,cat
img_1158.png,dog
img_2162.png,bird
img_1069.png,cat
img_211.png,cat
img_112.png,dog
img_1875.png,dog
img_2773.png,dog
img_1485.png,bird
img_1282.png,bird
img_2225.png,bird
img_1869.png,cat
img_212.png,dog
img_649.png,cat
img_2078.png,dog
img_272.png,bird
img_1061.png,cat
img_2642.png,cat
img_1106.png,dog
img_197.png,cat
img_1179.png,cat
img_2177.png,bird
img_459.png,cat
img_664.png,bird
img_1965.png,bird
img_76.png,bird
img_156.png,dog
img_1598.png,cat
img_2710.png,bird
img_275.png,bird
img_1375.png,cat
img_1783.png,dog
img_2545.png,cat
img_1194.png,dog
img_784.png,bird
img_404.png,cat
img_1315.png,dog
img_1679.png,dog
img_519.png,bird
img_2378.png,dog
img_645.png,cat
img_2083.png,dog
img_737.png,cat
img_557.png,dog
img_1824.png,bird
img_2430.png,bird
img_2538.png,cat
img_2336.png,cat
img_1014.png,bird
img_2507.png,cat
img_2944.png,dog
img_2797.png,cat
img_1774.png,dog
img_63.png,dog
img_261.png,bird
img_495.png,bird
img_1702.png,cat
img_1348.png,bird
img_1887.png,dog
img_2348.png,dog
img_1159.png,dog
img_489.png,bird
img_2537.png,bird
img_2452.png,bird
img_1746.png,cat
img_2890.png,cat
img_469.png,bird
img_1140.png,dog
img_2241.png,dog
img_1364.png,dog
img_949.png,dog
img_2383.png,bird
img_828.png,dog
img_1924.png,bird
img_2884.png,dog
img_1752.png,dog
img_122.png,cat
img_1523.png,cat
img_384.png,dog
img_674.png,cat
img_1604.png,cat
img_8.png,cat
img_2085.png,cat
img_1376.png,cat
img_477.png,bird
img_2332.png,bird
img_1401.png,bird
img_2027.png,bird
img_2976.png,dog
img_1316.png,cat
img_1877.png,dog
img_1694.png,dog
img_1494.png,bird
img_2546.png,dog
img_289.png,cat
img_2352.png,cat
img_320.png,bird
img_352.png,bird
img_256.png,cat
img_1552.png,bird
img_1190.png,cat
img_2514.png,bird
img_2757.png,dog
img_1736.png,bird
img_1294.png,dog
img_1553.png,bird
img_2949.png,dog
img_2304.png,dog
img_1628.png,dog
img_294.png,dog
img_1301.png,dog
img_548.png,cat
img_317.png,cat
img_2374.png,cat
img_2135.png,bird
img_2909.png,cat
img_2385.png,dog
img_2892.png,cat
img_1833.png,dog
img_632.png,dog
img_815.png,bird
img_593.png,bird
img_929.png,dog
img_1153.png,bird
img_1755.png,dog
img_2150.png,dog
img_709.png,dog
img_1906.png,bird
img_2250.png,bird
img_334.png,bird
img_2767.png,bird
img_646.png,bird
img_772.png,dog
img_52.png,cat
img_1151.png,dog
img_2603.png,cat
img_2287.png,bird
img_2699.png,cat
img_939.png,bird
img_1253.png,bird
img_279.png,bird
img_2178.png,dog
img_610.png,dog
img_1768.png,bird
img_1405.png,cat
img_1899.png,bird
